# OpenTelemetry Metrics report: .csv, 4 fields: 
# <metric name>, <period start, nanoseconds>, <period end, nanoseconds>, <metric value>
# See CsvMetricsExporter for details.
# 
# NAME, PERIOD_START_NANOS, PERIOD_END_NANOS, VALUE
cacheStateStorage.get.duration,1779346138208000000,1779346151329000000,0
cacheStateStorage.set.counter,1779346138208000000,1779346151329000000,7
cacheStateStorage.get.counter,1779346138208000000,1779346151329000000,10
cacheStateStorage.set.duration,1779346138208000000,1779346151329000000,5
NonBlockingReadAction.failedExecutionTimeUs,1779346138208000000,1779346151329000000,0
NonBlockingReadAction.finalizedExecutionsCount,1779346138208000000,1779346151329000000,17
AWTEventQueue.dispatchTimeTotalNS,1779346138208000000,1779346151329000000,7706495478
NonBlockingReadAction.finalizedExecutionTimeUs,1779346138208000000,1779346151329000000,33015
NonBlockingReadAction.failedExecutionsCount,1779346138208000000,1779346151329000000,0
FilePageCacheLockFree.housekeeperTurnsDone,1779346138208000000,1779346151329000000,0
FilePageCache.capacityInBytes,1779346138208000000,1779346151329000000,503316478
StorageLockContext.competingThreads.avg,1779346138208000000,1779346151329000000,0.0
FilePageCacheLockFree.totalClosedStoragesReclaimed,1779346138208000000,1779346151329000000,0
StorageLockContext.competingThreads.max,1779346138208000000,1779346151329000000,0
FilePageCache.totalPageDisposalsUs,1779346138208000000,1779346151329000000,937
FilePageCacheLockFree.totalHeapBytesReclaimed,1779346138208000000,1779346151329000000,0
FilePageCacheLockFree.totalPagesRequested,1779346138208000000,1779346151329000000,0
DirectByteBufferAllocator.totalSizeOfBuffersAllocatedInBytes,1779346138208000000,1779346151329000000,41943040
FilePageCacheLockFree.totalNativeBytesAllocated,1779346138208000000,1779346151329000000,0
FilePageCacheLockFree.totalPagesReadMs,1779346138208000000,1779346151329000000,0
FilePageCacheLockFree.housekeeperTurnsSkipped,1779346138208000000,1779346151329000000,0
FilePageCacheLockFree.housekeeperTimeSpentMs,1779346138208000000,1779346151329000000,0
FilePageCacheLockFree.totalBytesWritten,1779346138208000000,1779346151329000000,0
FilePageCacheLockFree.totalPagesAllocated,1779346138208000000,1779346151329000000,0
FilePageCacheLockFree.nativeBytesInUse,1779346138208000000,1779346151329000000,0
FilePageCacheLockFree.totalBytesRequested,1779346138208000000,1779346151329000000,0
FilePageCache.pageLoads,1779346138208000000,1779346151329000000,189
FilePageCacheLockFree.heapBytesInUse,1779346138208000000,1779346151329000000,0
DirectByteBufferAllocator.reclaimed,1779346138208000000,1779346151329000000,43
FilePageCacheLockFree.totalBytesRead,1779346138208000000,1779346151329000000,0
DirectByteBufferAllocator.misses,1779346138208000000,1779346151329000000,186
FilePageCacheLockFree.totalPagesWriteMs,1779346138208000000,1779346151329000000,0
DirectByteBufferAllocator.totalSizeOfBuffersCachedInBytes,1779346138208000000,1779346151329000000,41943040
FilePageCache.maxRegisteredFiles,1779346138208000000,1779346151329000000,518
FilePageCacheLockFree.totalPagesWritten,1779346138208000000,1779346151329000000,0
FilePageCacheLockFree.totalHeapBytesAllocated,1779346138208000000,1779346151329000000,0
FilePageCache.disposedBuffers,1779346138208000000,1779346151329000000,189
FilePageCache.pageFastCacheHits,1779346138208000000,1779346151329000000,13116
FilePageCacheLockFree.totalNativeBytesReclaimed,1779346138208000000,1779346151329000000,0
FilePageCacheLockFree.totalPagesRequestsMs,1779346138208000000,1779346151329000000,0
FilePageCache.pageHits,1779346138208000000,1779346151329000000,0
FilePageCache.uncachedFileAccess,1779346138208000000,1779346151329000000,328
FilePageCacheLockFree.totalPageAllocationsWaited,1779346138208000000,1779346151329000000,0
FilePageCache.totalPageLoadsUs,1779346138208000000,1779346151329000000,65426
FilePageCache.pageLoadsAboveSizeThreshold,1779346138208000000,1779346151329000000,0
DirectByteBufferAllocator.hits,1779346138208000000,1779346151329000000,3
StorageLockContext.competingThreads.90P,1779346138208000000,1779346151329000000,0
FilePageCacheLockFree.totalPagesReclaimed,1779346138208000000,1779346151329000000,0
FilePageCacheLockFree.totalPagesHandedOver,1779346138208000000,1779346151329000000,0
FileChannelInterruptsRetryer.totalRetriedAttempts,1779346138208000000,1779346151329000000,0
DirectByteBufferAllocator.disposed,1779346138208000000,1779346151329000000,146
FilePageCache.maxCacheSizeInBytes,1779346138208000000,1779346151329000000,195035136
Indexing.writesQueuedMax,1779346138208000000,1779346151329000000,0
Indexing.cache.totalCacheMisses,1779346138208000000,1779346151329000000,0
Indexing.writer_3.totalTimeSpentWritingMs,1779346138208000000,1779346151329000000,0
Indexing.totalTimeIndexersSleptMs,1779346138208000000,1779346151329000000,0
Indexing.cache.totalCacheAccesses,1779346138208000000,1779346151329000000,0
Indexing.writer_1.totalTimeSpentWritingMs,1779346138208000000,1779346151329000000,0
Indexing.cache.totalCacheEvicted,1779346138208000000,1779346151329000000,0
Indexing.writer_0.totalTimeSpentWritingMs,1779346138208000000,1779346151329000000,0
Indexing.writer_2.totalTimeSpentWritingMs,1779346138208000000,1779346151329000000,0
Indexing.writesQueuedMin,1779346138208000000,1779346151329000000,9223372036854775807
VFS.fileByIdCache.misses,1779346138208000000,1779346151329000000,0
VFS.invertedFileNameIndex.requests,1779346138208000000,1779346151329000000,0
VFS.fileChildByName,1779346138208000000,1779346151329000000,9
VFS.fileByIdCache.hits,1779346138208000000,1779346151329000000,0
writeAction.wait.ms,1779346138208000000,1779346151329000000,0
writeAction.max.wait.ms,1779346138208000000,1779346151329000000,0
writeAction.count,1779346138208000000,1779346151329000000,2
DiskQueryRelay.tasksRequested,1779346138208000000,1779346151329000000,10
DiskQueryRelay.taskWaitingTotalTimeUs,1779346138208000000,1779346151329000000,467
DiskQueryRelay.taskExecutionTotalTimeUs,1779346138208000000,1779346151329000000,434
writeAction.median.wait.ms,1779346138208000000,1779346151329000000,0
DiskQueryRelay.tasksExecuted,1779346138208000000,1779346151329000000,10
workspaceModel.replace.project.model.ms,1779346138208000000,1779346151329000000,0
workspaceModel.check.recursive.update.ms,1779346138208000000,1779346151329000000,0
workspaceModel.cachedValue.clear.count,1779346138208000000,1779346151329000000,0
workspaceModel.on.before.changed.ms,1779346138208000000,1779346151329000000,0
workspaceModel.updates.ms,1779346138208000000,1779346151329000000,0
workspaceModel.loading.from.cache.ms,1779346138208000000,1779346151329000000,0
workspaceModel.entityStorageSnapshotImpl.instances.count,1779346138208000000,1779346151329000000,3
workspaceModel.pre.handlers.ms,1779346138208000000,1779346151329000000,0
workspaceModel.cachedValue.from.cache.count,1779346138208000000,1779346151329000000,6
workspaceModel.cachedValue.total.get.count,1779346138208000000,1779346151329000000,7
workspaceModel.cachedValueWithParameters.total.get.count,1779346138208000000,1779346151329000000,0
workspaceModel.on.changed.ms,1779346138208000000,1779346151329000000,0
workspaceModel.cachedValueWithParameters.clear.count,1779346138208000000,1779346151329000000,0
workspaceModel.cachedValueWithParameters.from.cache.count,1779346138208000000,1779346151329000000,0
workspaceModel.initializing.ms,1779346138208000000,1779346151329000000,0
workspaceModel.updates.count,1779346138208000000,1779346151329000000,0
workspaceModel.init.bridges.ms,1779346138208000000,1779346151329000000,0
workspaceModel.collect.changes.ms,1779346138208000000,1779346151329000000,0
workspaceModel.updates.precise.ms,1779346138208000000,1779346151329000000,0
workspaceModel.loading.total.ms,1779346138208000000,1779346151329000000,2
workspaceModel.cachedValueWithParameters.calculated.count,1779346138208000000,1779346151329000000,0
workspaceModel.full.replace.project.model.ms,1779346138208000000,1779346151329000000,0
workspaceModel.update.unloaded.entities.ms,1779346138208000000,1779346151329000000,0
workspaceModel.cachedValue.calculated.count,1779346138208000000,1779346151329000000,1
workspaceModel.to.snapshot.ms,1779346138208000000,1779346151329000000,0
workspaceModel.moduleManagerBridge.build.module.graph.ms,1779346138208000000,1779346151329000000,0
jps.save.global.entities.ms,1779346138208000000,1779346151329000000,2
workspaceModel.global.apply.state.to.project.ms,1779346138208000000,1779346151329000000,0
workspaceModel.mutableEntityStorage.modify.entity.ms,1779346138208000000,1779346151329000000,0
workspaceModel.mutableEntityStorage.resolve.ms,1779346138208000000,1779346151329000000,0
workspaceModel.mutableEntityStorage.mutable.vfurl.index.ms,1779346138208000000,1779346151329000000,0
workspaceModel.mutableEntityStorage.changeLog.addReplaceEventForNewChild.ms,1779346138208000000,1779346151329000000,0
workspaceModel.do.save.caches.ms,1779346138208000000,1779346151329000000,0
workspaceModel.mutableEntityStorage.entities.ms,1779346138208000000,1779346151329000000,1
workspaceModel.global.updates.count,1779346138208000000,1779346151329000000,0
workspaceModel.moduleManagerBridge.newModule.ms,1779346138208000000,1779346151329000000,0
workspaceModel.save.cache.to.file.ms,1779346138208000000,1779346151329000000,0
workspaceModel.moduleManagerBridge.set.unloadedModules.ms,1779346138208000000,1779346151329000000,0
jps.app.storage.content.reader.load.component.ms,1779346138208000000,1779346151329000000,0
workspaceModel.moduleManagerBridge.create.module.instance.ms,1779346138208000000,1779346151329000000,0
workspaceModel.load.cache.from.file.ms,1779346138208000000,1779346151329000000,0
jps.global.get.library.ms,1779346138208000000,1779346151329000000,0
workspaceModel.mutableEntityStorage.add.entity.ms,1779346138208000000,1779346151329000000,0
workspaceModel.moduleManagerBridge.new.nonPersistent.module.ms,1779346138208000000,1779346151329000000,0
jps.load.initial.state.ms,1779346138208000000,1779346151329000000,7
workspaceModel.mutableEntityStorage.put.entity.ms,1779346138208000000,1779346151329000000,0
jps.global.get.library.by.name.ms,1779346138208000000,1779346151329000000,0
workspaceModel.mutableEntityStorage.replace.by.source.ms,1779346138208000000,1779346151329000000,0
workspaceModel.mutableEntityStorage.apply.changes.from.ms,1779346138208000000,1779346151329000000,0
workspaceModel.mutableEntityStorage.has.same.entities.ms,1779346138208000000,1779346151329000000,0
workspaceModel.mutableEntityStorage.changeLog.addReplaceEventForNewParent.ms,1779346138208000000,1779346151329000000,0
jps.global.initialize.library.bridges.ms,1779346138208000000,1779346151329000000,0
workspaceModel.mutableEntityStorage.changeLog.addReplaceEventForRemovedParent.ms,1779346138208000000,1779346151329000000,0
workspaceModel.mutableEntityStorage.entities.by.source.ms,1779346138208000000,1779346151329000000,0
workspaceModel.moduleManagerBridge.load.module.ms,1779346138208000000,1779346151329000000,0
workspaceModel.mutableEntityStorage.mutable.ext.mapping.ms,1779346138208000000,1779346151329000000,0
workspaceModel.load.cache.metadata.from.file.ms,1779346138208000000,1779346151329000000,0
workspaceModel.global.updates.ms,1779346138208000000,1779346151329000000,0
workspaceModel.mutableEntityStorage.remove.entity.ms,1779346138208000000,1779346151329000000,0
workspaceModel.global.apply.state.to.project.builder.ms,1779346138208000000,1779346151329000000,0
jps.app.storage.content.writer.save.component.ms,1779346138208000000,1779346151329000000,1
jps.global.handle.changed.events.ms,1779346138208000000,1779346151329000000,0
jps.global.initialize.library.bridges.after.loading.ms,1779346138208000000,1779346151329000000,1
workspaceModel.sync.entities.ms,1779346138208000000,1779346151329000000,0
workspaceModel.mutableEntityStorage.referrers.ms,1779346138208000000,1779346151329000000,0
jps.library.entities.serializer.save.entities.ms,1779346138208000000,1779346151329000000,0
workspaceModel.mutableEntityStorage.changeLog.addReplaceEventForRemovedChild.ms,1779346138208000000,1779346151329000000,0
workspaceModel.mutableEntityStorage.collect.changes.ms,1779346138208000000,1779346151329000000,0
jps.global.handle.before.change.events.ms,1779346138208000000,1779346151329000000,0
workspaceModel.mutableEntityStorage.instances.count,1779346138208000000,1779346151329000000,3
workspaceModel.moduleManagerBridge.get.modules.ms,1779346138208000000,1779346151329000000,0
workspaceModel.moduleManagerBridge.load.all.modules.ms,1779346138208000000,1779346151329000000,0
jps.global.get.libraries.ms,1779346138208000000,1779346151329000000,0
workspaceModel.mutableEntityStorage.to.snapshot.ms,1779346138208000000,1779346151329000000,1
jps.library.entities.serializer.load.entities.ms,1779346138208000000,1779346151329000000,0
